student_id,subject,school,sex,age,address,famsize,Pstatus,Medu,Fedu,Mjob,Fjob,reason,guardian,traveltime,studytime,failures,schoolsup,famsup,paid,activities,nursery,higher,internet,romantic,famrel,freetime,goout,Dalc,Walc,health,absences,G1,G2,G3,rejection_reason,source_file,rejection_timestamp
STU_F1405B7CBED3,Math,GP,F,16,U,GT3,T,2,2,other,other,home,mother,1,2,0,no,no,yes,no,yes,yes,yes,yes,5,4,4,1,1,5,0,8,7,8,duplicate_record,student-mat.csv,2026-10-07T13:12:04.758135+00:00
STU_F1405B7CBED3,Math,GP,F,16,U,GT3,T,2,2,other,other,home,mother,1,2,0,no,yes,yes,no,no,yes,yes,no,5,1,5,1,1,4,0,6,7,0,duplicate_record,student-mat.csv,2026-10-07T13:12:04.758135+00:00
STU_D444D0D129F1,Math,GP,F,17,U,GT3,T,2,2,other,other,course,mother,1,2,0,no,yes,no,no,no,yes,yes,no,5,4,5,1,2,5,4,10,9,11,duplicate_record,student-mat.csv,2026-10-07T13:12:04.758135+00:00
STU_D444D0D129F1,Math,GP,F,17,U,GT3,T,2,2,other,other,course,mother,1,2,0,no,yes,no,no,yes,yes,no,yes,4,2,2,1,1,3,12,11,9,9,duplicate_record,student-mat.csv,2026-10-07T13:12:04.758135+00:00
STU_F1405B7CBED3,Portuguese,GP,F,16,U,GT3,T,2,2,other,other,home,mother,1,2,0,no,no,no,no,yes,yes,yes,yes,5,4,4,1,1,5,0,12,11,11,duplicate_record,student-por.csv,2026-10-07T13:12:04.942641+00:00
STU_F1405B7CBED3,Portuguese,GP,F,16,U,GT3,T,2,2,other,other,home,mother,1,2,0,no,yes,no,no,no,yes,yes,no,5,1,5,1,1,4,0,12,12,13,duplicate_record,student-por.csv,2026-10-07T13:12:04.942641+00:00
STU_D444D0D129F1,Portuguese,GP,F,17,U,GT3,T,2,2,other,other,course,mother,1,2,0,no,yes,no,no,no,yes,yes,no,5,4,5,1,2,5,12,12,12,14,duplicate_record,student-por.csv,2026-10-07T13:12:04.942641+00:00
STU_D444D0D129F1,Portuguese,GP,F,17,U,GT3,T,2,2,other,other,course,mother,1,2,0,no,yes,no,no,yes,yes,no,yes,4,2,2,1,1,3,4,14,13,13,duplicate_record,student-por.csv,2026-10-07T13:12:04.942641+00:00
STU_C42302101A30,Portuguese,MS,M,15,R,LE3,T,4,1,health,services,reputation,father,1,2,0,no,yes,no,yes,yes,yes,yes,no,5,3,4,1,2,2,0,12,13,14,duplicate_record,student-por.csv,2026-10-07T13:12:04.942641+00:00
STU_C42302101A30,Portuguese,MS,M,15,R,LE3,T,4,1,health,services,reputation,father,1,2,0,no,yes,no,yes,yes,yes,yes,no,5,3,4,1,2,2,7,7,9,8,duplicate_record,student-por.csv,2026-10-07T13:12:04.942641+00:00
STU_A4BD781352D2,Portuguese,MS,F,16,U,GT3,T,1,2,other,services,course,mother,1,3,1,no,yes,no,no,yes,yes,no,no,1,3,2,1,2,4,0,10,8,8,duplicate_record,student-por.csv,2026-10-07T13:12:04.942641+00:00
STU_A4BD781352D2,Portuguese,MS,F,16,U,GT3,T,1,2,other,services,course,mother,1,3,1,no,yes,no,no,yes,yes,no,no,1,3,2,1,2,4,3,9,8,8,duplicate_record,student-por.csv,2026-10-07T13:12:04.942641+00:00
